"","gain","loss","stableF","stableNF","map","period"
"gain...1",0,0,0,0,"gfc_60","p1"
"loss...2",12,354,40,203,"gfc_60","p1"
"stableF...3",46,95,151,111,"gfc_60","p1"
"stableNF...4",261,395,316,2671,"gfc_60","p1"
"gain...5",0,0,0,0,"gfc_60","p2"
"loss...6",5,166,59,139,"gfc_60","p2"
"stableF...7",7,41,113,56,"gfc_60","p2"
"stableNF...8",53,212,169,987,"gfc_60","p2"
"gain...9",6,2,12,4,"tmf","p1"
"loss...10",14,185,35,64,"tmf","p1"
"stableF...11",32,36,173,41,"tmf","p1"
"stableNF...12",267,621,287,2876,"tmf","p1"
"gain...13",6,3,4,14,"tmf","p2"
"loss...14",3,190,41,172,"tmf","p2"
"stableF...15",17,29,122,36,"tmf","p2"
"stableNF...16",39,197,174,960,"tmf","p2"
